"path","rel_path","experiment_id","source","representation","dim_reduction","clustering","accuracy","ari","nmi","silhouette","n_beads","n_extensions","n_clusters","cluster_counts","n_outliers","n_good_in_clustering","n_bad_in_clustering","tp","tn","fp","fn","chosen_cluster_size","n_good_real","n_bad_real","n_coilable_real","n_uncoilable_real","n_bad_class_real","error"
"/scistor/guest/ssk256/force_extension/data/nested/research-beta-pa-dulin-lab_Luca_dwRNAP_20250219_1434_TX_ofp37_7pN_deomegaRNAP_r1000","nested/research-beta-pa-dulin-lab_Luca_dwRNAP_20250219_1434_TX_ofp37_7pN_deomegaRNAP_r1000","research-beta-pa-dulin-lab_Luca_dwRNAP_20250219_1434_TX_ofp37_7pN_deomegaRNAP_r1000","nested","common_grid_intersection","lle","dbscan",0.7177280550774526,0.026927417497151933,0.003278578784712177,0.3516529668698496,581,1,4,"529,5,6,11",30,435,146,400,17,129,35,529,459,375,"","","",""
"/scistor/guest/ssk256/force_extension/data/nested/research-beta-pa-dulin-lab_Luca_dwRNAP_20250219_1803_TX_deomega_ofp37_7pN_ga2","nested/research-beta-pa-dulin-lab_Luca_dwRNAP_20250219_1803_TX_deomega_ofp37_7pN_ga2","research-beta-pa-dulin-lab_Luca_dwRNAP_20250219_1803_TX_deomega_ofp37_7pN_ga2","nested","common_grid_intersection","lle","dbscan",0.44189852700491,-0.019463922920753194,0.02573680323928873,0.4679214017419801,611,1,1,"577",34,244,367,240,30,337,4,577,251,513,"","","",""
"/scistor/guest/ssk256/force_extension/data/nested/research-beta-pa-dulin-lab_Luca_dwRNAP_20250224_1635_TX_ofp37_7pN_deomega_r10k","nested/research-beta-pa-dulin-lab_Luca_dwRNAP_20250224_1635_TX_ofp37_7pN_deomega_r10k","research-beta-pa-dulin-lab_Luca_dwRNAP_20250224_1635_TX_ofp37_7pN_deomega_r10k","nested","common_grid_intersection","lle","dbscan",0.04967602591792657,0.1187721641716253,0.034657955560547515,0.4235771830082203,463,1,1,"445",18,9,454,7,16,438,2,445,233,672,"","","",""
"/scistor/guest/ssk256/force_extension/data/nested/research-beta-pa-dulin-lab_Luca_wtRNAP_RfaH_tx_elongation_20250411_TX_OF_of1437_wtrnap_7pN_p37","nested/research-beta-pa-dulin-lab_Luca_wtRNAP_RfaH_tx_elongation_20250411_TX_OF_of1437_wtrnap_7pN_p37","research-beta-pa-dulin-lab_Luca_wtRNAP_RfaH_tx_elongation_20250411_TX_OF_of1437_wtrnap_7pN_p37","nested","common_grid_intersection","lle","dbscan",0.05934718100890208,-0.010181952924602134,0.002669792724209097,0.48578032090706336,337,1,1,"319",18,2,335,2,18,317,0,319,168,441,"","","",""
"/scistor/guest/ssk256/force_extension/data/nested/research-beta-pa-dulin-lab_Luca_wtRNAP_RfaH_tx_elongation_20250411_TX_OF_of1437_wtrnap_7pN_p37_r1000","nested/research-beta-pa-dulin-lab_Luca_wtRNAP_RfaH_tx_elongation_20250411_TX_OF_of1437_wtrnap_7pN_p37_r1000","research-beta-pa-dulin-lab_Luca_wtRNAP_RfaH_tx_elongation_20250411_TX_OF_of1437_wtrnap_7pN_p37_r1000","nested","common_grid_intersection","lle","dbscan",0.9157894736842105,0.27067858686759594,0.14398905367602038,0.3300638494547445,95,1,1,"92",3,86,9,85,2,7,1,92,115,46,"","","",""
"/scistor/guest/ssk256/force_extension/data/nested/research-beta-pa-dulin-lab_Luca_wtRNAP_RfaH_tx_elongation_20250513_TX_OF_7pN_Pb37_wtholo_1437_r250","nested/research-beta-pa-dulin-lab_Luca_wtRNAP_RfaH_tx_elongation_20250513_TX_OF_7pN_Pb37_wtholo_1437_r250","research-beta-pa-dulin-lab_Luca_wtRNAP_RfaH_tx_elongation_20250513_TX_OF_7pN_Pb37_wtholo_1437_r250","nested","common_grid_intersection","lle","dbscan",0.4358108108108108,-0.02796615187667598,0.05879464536320368,0.4804210428410803,296,1,1,"281",15,114,182,114,15,167,0,281,117,240,"","","",""
"/scistor/guest/ssk256/force_extension/data/nested/research-beta-pa-dulin-lab_Luca_wtRNAP_RfaH_tx_elongation_20250513_TX_OF_7pN_Pb37_wtholo_1437_r50","nested/research-beta-pa-dulin-lab_Luca_wtRNAP_RfaH_tx_elongation_20250513_TX_OF_7pN_Pb37_wtholo_1437_r50","research-beta-pa-dulin-lab_Luca_wtRNAP_RfaH_tx_elongation_20250513_TX_OF_7pN_Pb37_wtholo_1437_r50","nested","common_grid_intersection","lle","dbscan",0.41260744985673353,-0.03029046217794466,0.051181752232307705,0.47613822559294244,349,1,1,"333",16,128,221,128,16,205,0,333,145,264,"","","",""
"/scistor/guest/ssk256/force_extension/data/nested/research-beta-pa-dulin-lab_Luca_wtRNAP_RfaH_tx_elongation_20250514_TX_OF_7pN_Pb37_wtholo_1437_ga2","nested/research-beta-pa-dulin-lab_Luca_wtRNAP_RfaH_tx_elongation_20250514_TX_OF_7pN_Pb37_wtholo_1437_ga2","research-beta-pa-dulin-lab_Luca_wtRNAP_RfaH_tx_elongation_20250514_TX_OF_7pN_Pb37_wtholo_1437_ga2","nested","common_grid_intersection","lle","dbscan",0.6059701492537314,-0.008590840543411471,0.015874529769603223,0.4744461229164643,670,1,2,"637,8",25,256,414,0,406,8,256,8,274,505,"","","",""
"/scistor/guest/ssk256/force_extension/data/nested/research-beta-pa-dulin-lab_Luca_wtRNAP_RfaH_tx_elongation_20250514_TX_OF_7pN_wtholo_1437_r1000ga2","nested/research-beta-pa-dulin-lab_Luca_wtRNAP_RfaH_tx_elongation_20250514_TX_OF_7pN_wtholo_1437_r1000ga2","research-beta-pa-dulin-lab_Luca_wtRNAP_RfaH_tx_elongation_20250514_TX_OF_7pN_wtholo_1437_r1000ga2","nested","common_grid_intersection","lle","dbscan",0.18157894736842106,-0.03702927735456091,0.016281045671457023,0.4327076468356917,380,1,1,"370",10,59,321,59,10,311,0,370,120,427,"","","",""
"/scistor/guest/ssk256/force_extension/data/separate/research-beta-pa-dulin-lab_Luca_daCTD_TL_experiments_20240225_2_TEC0207_OF_7pN_PURESystem","separate/research-beta-pa-dulin-lab_Luca_daCTD_TL_experiments_20240225_2_TEC0207_OF_7pN_PURESystem","research-beta-pa-dulin-lab_Luca_daCTD_TL_experiments_20240225_2_TEC0207_OF_7pN_PURESystem","separate","common_grid_intersection","lle","dbscan",0.7226890756302521,0.027251184419209984,0.009299757842724247,0.020979145319512896,476,1,5,"354,80,6,14,5",17,132,344,7,337,7,125,14,138,474,"","","",""
"/scistor/guest/ssk256/force_extension/data/separate/research-beta-pa-dulin-lab_Luca_daCTD_TL_experiments_20240225_TEC0207_OF_7pN_RfaH50_PURESystem_1mgmlpuro","separate/research-beta-pa-dulin-lab_Luca_daCTD_TL_experiments_20240225_TEC0207_OF_7pN_RfaH50_PURESystem_1mgmlpuro","research-beta-pa-dulin-lab_Luca_daCTD_TL_experiments_20240225_TEC0207_OF_7pN_RfaH50_PURESystem_1mgmlpuro","separate","common_grid_intersection","lle","dbscan",0.9125,0.06587737907340578,0.01530702230988305,0.5976086776579205,400,1,16,"8,46,108,28,30,34,7,8,30,10,11,19,17,9,8,7",20,31,369,2,363,6,29,8,33,487,"","","",""
"/scistor/guest/ssk256/force_extension/data/separate/research-beta-pa-dulin-lab_Luca_daCTD_TL_experiments_20240603_2_TEC0508_OF_7pN_50nMRfaH_I_II_only","separate/research-beta-pa-dulin-lab_Luca_daCTD_TL_experiments_20240603_2_TEC0508_OF_7pN_50nMRfaH_I_II_only","research-beta-pa-dulin-lab_Luca_daCTD_TL_experiments_20240603_2_TEC0508_OF_7pN_50nMRfaH_I_II_only","separate","common_grid_intersection","lle","dbscan",0.49079754601226994,-0.0004288925698059631,0.0016296980438313252,0.32168464003665515,163,1,1,"158",5,81,82,78,2,80,3,158,83,108,"","","",""
"/scistor/guest/ssk256/force_extension/data/separate/research-beta-pa-dulin-lab_Luca_daCTD_TL_experiments_20240604_2_TEC0508_OF_7pN_I_II_only","separate/research-beta-pa-dulin-lab_Luca_daCTD_TL_experiments_20240604_2_TEC0508_OF_7pN_I_II_only","research-beta-pa-dulin-lab_Luca_daCTD_TL_experiments_20240604_2_TEC0508_OF_7pN_I_II_only","separate","common_grid_intersection","lle","dbscan",0.6114649681528662,-0.013413661133767211,0.0026581590164713024,0.3375074206818893,157,1,1,"146",11,101,56,93,3,53,8,146,109,111,"","","",""
"/scistor/guest/ssk256/force_extension/data/separate/research-beta-pa-dulin-lab_Luca_daCTD_TL_experiments_20240604_3_TEC0508_OF_7pN_fullPURE_50nMRfaH_2uMGreA","separate/research-beta-pa-dulin-lab_Luca_daCTD_TL_experiments_20240604_3_TEC0508_OF_7pN_fullPURE_50nMRfaH_2uMGreA","research-beta-pa-dulin-lab_Luca_daCTD_TL_experiments_20240604_3_TEC0508_OF_7pN_fullPURE_50nMRfaH_2uMGreA","separate","common_grid_intersection","lle","dbscan",0.7671957671957672,0.014173548959150926,0.001473713245884732,0.2479322882185897,189,1,1,"182",7,148,41,143,2,39,5,182,155,102,"","","",""
"/scistor/guest/ssk256/force_extension/data/separate/research-beta-pa-dulin-lab_Luca_daCTD_TL_experiments_20240604_TEC0508_OF_7pN_50nMRfaH_7pN_fullPURE","separate/research-beta-pa-dulin-lab_Luca_daCTD_TL_experiments_20240604_TEC0508_OF_7pN_50nMRfaH_7pN_fullPURE","research-beta-pa-dulin-lab_Luca_daCTD_TL_experiments_20240604_TEC0508_OF_7pN_50nMRfaH_7pN_fullPURE","separate","common_grid_intersection","lle","dbscan",0.6787564766839378,-0.0010759254691308057,8.56443136374579e-08,0.17871622738542015,193,1,2,"183,8",2,135,58,128,3,55,7,183,147,110,"","","",""
"/scistor/guest/ssk256/force_extension/data/separate/research-beta-pa-dulin-lab_Luca_daCTD_TL_experiments_20240605_TEC0508_7pN_50nMRfa_2uMGreA_I_II_only","separate/research-beta-pa-dulin-lab_Luca_daCTD_TL_experiments_20240605_TEC0508_7pN_50nMRfa_2uMGreA_I_II_only","research-beta-pa-dulin-lab_Luca_daCTD_TL_experiments_20240605_TEC0508_7pN_50nMRfa_2uMGreA_I_II_only","separate","common_grid_intersection","lle","dbscan",0.905511811023622,0.32669109301697624,0.2663374406994918,0.41321205619241036,127,1,1,"123",4,111,16,111,4,12,0,123,117,73,"","","",""
"/scistor/guest/ssk256/force_extension/data/separate/research-beta-pa-dulin-lab_Luca_ops_TXTL_20240225_2_TEC0207_OF_7pN_PURESystem","separate/research-beta-pa-dulin-lab_Luca_ops_TXTL_20240225_2_TEC0207_OF_7pN_PURESystem","research-beta-pa-dulin-lab_Luca_ops_TXTL_20240225_2_TEC0207_OF_7pN_PURESystem","separate","common_grid_intersection","lle","dbscan",0.7226890756302521,0.027251184419209984,0.009299757842724247,0.020979145319512896,476,1,5,"354,80,6,14,5",17,132,344,7,337,7,125,14,138,474,"","","",""
"/scistor/guest/ssk256/force_extension/data/separate/research-beta-pa-dulin-lab_Luca_ops_TXTL_20240225_TEC0207_OF_7pN_RfaH50_PURESystem_1mgmlpuro","separate/research-beta-pa-dulin-lab_Luca_ops_TXTL_20240225_TEC0207_OF_7pN_RfaH50_PURESystem_1mgmlpuro","research-beta-pa-dulin-lab_Luca_ops_TXTL_20240225_TEC0207_OF_7pN_RfaH50_PURESystem_1mgmlpuro","separate","common_grid_intersection","lle","dbscan",0.9125,0.06587737907340578,0.01530702230988305,0.5976086776579205,400,1,16,"8,46,108,28,30,34,7,8,30,10,11,19,17,9,8,7",20,31,369,2,363,6,29,8,33,487,"","","",""
"/scistor/guest/ssk256/force_extension/data/separate/research-beta-pa-dulin-lab_Luca_ops_TXTL_20240603_2_TEC0508_OF_7pN_50nMRfaH_I_II_only","separate/research-beta-pa-dulin-lab_Luca_ops_TXTL_20240603_2_TEC0508_OF_7pN_50nMRfaH_I_II_only","research-beta-pa-dulin-lab_Luca_ops_TXTL_20240603_2_TEC0508_OF_7pN_50nMRfaH_I_II_only","separate","common_grid_intersection","lle","dbscan",0.49079754601226994,-0.0004288925698059631,0.0016296980438313252,0.32168464003665515,163,1,1,"158",5,81,82,78,2,80,3,158,83,108,"","","",""
"/scistor/guest/ssk256/force_extension/data/separate/research-beta-pa-dulin-lab_Luca_ops_TXTL_20240604_2_TEC0508_OF_7pN_I_II_only","separate/research-beta-pa-dulin-lab_Luca_ops_TXTL_20240604_2_TEC0508_OF_7pN_I_II_only","research-beta-pa-dulin-lab_Luca_ops_TXTL_20240604_2_TEC0508_OF_7pN_I_II_only","separate","common_grid_intersection","lle","dbscan",0.6114649681528662,-0.013413661133767211,0.0026581590164713024,0.3375074206818893,157,1,1,"146",11,101,56,93,3,53,8,146,109,111,"","","",""
"/scistor/guest/ssk256/force_extension/data/separate/research-beta-pa-dulin-lab_Luca_ops_TXTL_20240604_3_TEC0508_OF_7pN_fullPURE_50nMRfaH_2uMGreA","separate/research-beta-pa-dulin-lab_Luca_ops_TXTL_20240604_3_TEC0508_OF_7pN_fullPURE_50nMRfaH_2uMGreA","research-beta-pa-dulin-lab_Luca_ops_TXTL_20240604_3_TEC0508_OF_7pN_fullPURE_50nMRfaH_2uMGreA","separate","common_grid_intersection","lle","dbscan",0.7671957671957672,0.014173548959150926,0.001473713245884732,0.2479322882185897,189,1,1,"182",7,148,41,143,2,39,5,182,155,102,"","","",""
"/scistor/guest/ssk256/force_extension/data/separate/research-beta-pa-dulin-lab_Luca_ops_TXTL_20240604_TEC0508_OF_7pN_50nMRfaH_7pN_fullPURE","separate/research-beta-pa-dulin-lab_Luca_ops_TXTL_20240604_TEC0508_OF_7pN_50nMRfaH_7pN_fullPURE","research-beta-pa-dulin-lab_Luca_ops_TXTL_20240604_TEC0508_OF_7pN_50nMRfaH_7pN_fullPURE","separate","common_grid_intersection","lle","dbscan",0.6787564766839378,-0.0010759254691308057,8.56443136374579e-08,0.17871622738542015,193,1,2,"183,8",2,135,58,128,3,55,7,183,147,110,"","","",""
"/scistor/guest/ssk256/force_extension/data/separate/research-beta-pa-dulin-lab_Luca_wtRNAP_RfaH_pIA16_series_20250226","separate/research-beta-pa-dulin-lab_Luca_wtRNAP_RfaH_pIA16_series_20250226","research-beta-pa-dulin-lab_Luca_wtRNAP_RfaH_pIA16_series_20250226","separate","common_grid_intersection","lle","dbscan",0.06493506493506493,-0.02792344669035321,0.006854449069874932,0.4404834411982887,231,1,1,"221",10,5,226,5,10,216,0,221,105,310,"","","",""
"/scistor/guest/ssk256/force_extension/data/separate/research-beta-pa-dulin-lab_Luca_wtRNAP_RfaH_pIA16_series_20250409","separate/research-beta-pa-dulin-lab_Luca_wtRNAP_RfaH_pIA16_series_20250409","research-beta-pa-dulin-lab_Luca_wtRNAP_RfaH_pIA16_series_20250409","separate","common_grid_intersection","lle","dbscan",0.9878296146044625,-0.0033641750875521344,0.0005809476372515577,0.40016114102948064,493,1,2,"469,5",19,1,492,0,487,5,1,5,83,716,"","","",""
"/scistor/guest/ssk256/force_extension/data/separate/research-beta-pa-dulin-lab_Luca_wtRNAP_RfaH_pIA16_series_20250410","separate/research-beta-pa-dulin-lab_Luca_wtRNAP_RfaH_pIA16_series_20250410","research-beta-pa-dulin-lab_Luca_wtRNAP_RfaH_pIA16_series_20250410","separate","common_grid_intersection","lle","dbscan",0.05482456140350877,-0.014157063689638998,0.0035057492778209592,0.4531223225906083,456,1,1,"435",21,4,452,4,21,431,0,435,85,654,"","","",""
"/scistor/guest/ssk256/force_extension/data/separate/research-beta-pa-dulin-lab_Luca_wtRNAP_RfaH_pIA16_series_20250410_2","separate/research-beta-pa-dulin-lab_Luca_wtRNAP_RfaH_pIA16_series_20250410_2","research-beta-pa-dulin-lab_Luca_wtRNAP_RfaH_pIA16_series_20250410_2","separate","common_grid_intersection","lle","dbscan",0.9823008849557522,0.0,0.0,0.49283631742302886,452,1,2,"423,8",21,0,452,0,444,8,0,8,57,623,"","","",""
"/scistor/guest/ssk256/force_extension/data/separate/research-beta-pa-dulin-lab_Luca_wtRNAP_RfaH_pIA16_series_20250502","separate/research-beta-pa-dulin-lab_Luca_wtRNAP_RfaH_pIA16_series_20250502","research-beta-pa-dulin-lab_Luca_wtRNAP_RfaH_pIA16_series_20250502","separate","common_grid_intersection","lle","dbscan",0.9077868852459017,-0.022415674132504556,0.006720835667088987,0.3824821913653571,488,1,2,"461,7",20,38,450,0,443,7,38,7,159,606,"","","",""
"/scistor/guest/ssk256/force_extension/data/separate/research-beta-pa-dulin-lab_Luca_wtRNAP_RfaH_pIA16_series_20250502_2","separate/research-beta-pa-dulin-lab_Luca_wtRNAP_RfaH_pIA16_series_20250502_2","research-beta-pa-dulin-lab_Luca_wtRNAP_RfaH_pIA16_series_20250502_2","separate","common_grid_intersection","lle","dbscan",0.06783369803063458,0.1572031996610341,0.04619927498721776,0.45278900596522503,457,1,1,"436",21,18,439,14,17,422,4,436,185,620,"","","",""
"/scistor/guest/ssk256/force_extension/data/separate/research-beta-pa-dulin-lab_Luca_wtRNAP_RfaH_pIA16_series_20250508","separate/research-beta-pa-dulin-lab_Luca_wtRNAP_RfaH_pIA16_series_20250508","research-beta-pa-dulin-lab_Luca_wtRNAP_RfaH_pIA16_series_20250508","separate","common_grid_intersection","lle","dbscan",0.5850439882697948,-0.006202103344728284,0.01464267559815159,0.43560481657769995,682,1,2,"645,7",30,276,406,0,399,7,276,7,295,498,"","","",""
"/scistor/guest/ssk256/force_extension/data/separate/research-beta-pa-dulin-lab_Luca_wtRNAP_RfaH_pIA16_series_20250508_2","separate/research-beta-pa-dulin-lab_Luca_wtRNAP_RfaH_pIA16_series_20250508_2","research-beta-pa-dulin-lab_Luca_wtRNAP_RfaH_pIA16_series_20250508_2","separate","common_grid_intersection","lle","dbscan",0.4101694915254237,-0.01743511143103543,0.007502348408212805,0.49416706774815283,590,1,1,"547",43,219,371,209,33,338,10,547,232,488,"","","",""
"/scistor/guest/ssk256/force_extension/data/separate/research-beta-pa-dulin-lab_Luca_wtRNAP_RfaH_pIA16_series_20250509","separate/research-beta-pa-dulin-lab_Luca_wtRNAP_RfaH_pIA16_series_20250509","research-beta-pa-dulin-lab_Luca_wtRNAP_RfaH_pIA16_series_20250509","separate","common_grid_intersection","lle","dbscan",0.5238095238095238,0.0008788207490311649,0.0015547034915015397,0.29027128365533533,483,1,2,"460,10",13,250,233,240,13,220,10,460,275,311,"","","",""
"/scistor/guest/ssk256/force_extension/data/separate/research-beta-pa-dulin-lab_Luca_wtRNAP_RfaH_pIA16_series_20250520","separate/research-beta-pa-dulin-lab_Luca_wtRNAP_RfaH_pIA16_series_20250520","research-beta-pa-dulin-lab_Luca_wtRNAP_RfaH_pIA16_series_20250520","separate","common_grid_intersection","lle","dbscan",0.03832752613240418,-0.011156798560611624,0.0024622527719118594,0.514604219188603,287,1,1,"278",9,2,285,2,9,276,0,278,58,423,"","","",""
